{"cameraMode":{"drawMode":0,"name":"Shaded","section":"Shading Mode"},"sceneLighting":true,"audioPlay":false,"sceneViewState":{"m_AlwaysRefresh":false,"showFog":true,"showSkybox":false,"showFlares":true,"showImageEffects":true,"showParticleSystems":true,"showVisualEffectGraphs":true,"m_FxEnabled":true},"in2DMode":false,"pivot":{"x":-1.2324284315109254,"y":10.293306350708008,"z":17.869213104248048},"rotation":{"x":0.332610160112381,"y":0.03536372259259224,"z":-0.012443761341273785,"w":0.9423431158065796},"size":0.8660253882408142,"orthographic":false}