{"cameraMode":{"drawMode":0,"name":"Shaded","section":"Shading Mode"},"sceneLighting":false,"audioPlay":false,"sceneViewState":{"m_AlwaysRefresh":false,"showFog":false,"showSkybox":false,"showFlares":false,"showImageEffects":false,"showParticleSystems":false,"showVisualEffectGraphs":true,"m_FxEnabled":true},"in2DMode":false,"pivot":{"x":-7.450580596923828e-9,"y":0.0784112811088562,"z":0.04320131614804268},"rotation":{"x":0.07666046917438507,"y":-0.043360572308301929,"z":0.0033677718602120878,"w":0.9961193203926086},"size":0.11789905279874802,"orthographic":false}