{"cameraMode":{"drawMode":0,"name":"Shaded","section":"Shading Mode"},"sceneLighting":false,"audioPlay":false,"sceneViewState":{"m_AlwaysRefresh":false,"showFog":true,"showSkybox":false,"showFlares":true,"showImageEffects":true,"showParticleSystems":true,"showVisualEffectGraphs":true,"m_FxEnabled":true},"in2DMode":false,"pivot":{"x":-0.5099730491638184,"y":2.563394784927368,"z":-20.091697692871095},"rotation":{"x":0.0020918005611747505,"y":-0.9939950704574585,"z":0.019693922251462938,"w":0.10742852836847305},"size":11.667808532714844,"orthographic":false}