{"cameraMode":{"drawMode":0,"name":"Shaded","section":"Shading Mode"},"sceneLighting":false,"audioPlay":false,"sceneViewState":{"m_AlwaysRefresh":false,"showFog":true,"showSkybox":false,"showFlares":true,"showImageEffects":true,"showParticleSystems":true,"showVisualEffectGraphs":true,"m_FxEnabled":true},"in2DMode":false,"pivot":{"x":0.09725666046142578,"y":-0.05297708511352539,"z":-0.00017293542623519897},"rotation":{"x":0.003649017307907343,"y":0.9855983853340149,"z":-0.16746816039085389,"w":0.02162449061870575},"size":1.1018545627593995,"orthographic":false}