{"cameraMode":{"drawMode":0,"name":"Shaded","section":"Shading Mode"},"sceneLighting":false,"audioPlay":false,"sceneViewState":{"m_AlwaysRefresh":false,"showFog":true,"showSkybox":false,"showFlares":true,"showImageEffects":true,"showParticleSystems":true,"showVisualEffectGraphs":true,"m_FxEnabled":true},"in2DMode":false,"pivot":{"x":-6.447174072265625,"y":0.09000003337860108,"z":-15.989049911499024},"rotation":{"x":0.0020918005611747505,"y":-0.9939950704574585,"z":0.019693922251462938,"w":0.10742852836847305},"size":3.809807062149048,"orthographic":false}