{"cameraMode":{"drawMode":0,"name":"Shaded","section":"Shading Mode"},"sceneLighting":false,"audioPlay":false,"sceneViewState":{"m_AlwaysRefresh":false,"showFog":true,"showSkybox":false,"showFlares":true,"showImageEffects":true,"showParticleSystems":true,"showVisualEffectGraphs":true,"m_FxEnabled":true},"in2DMode":false,"pivot":{"x":-14.332792282104493,"y":1.9902687072753907,"z":7.323953151702881},"rotation":{"x":-0.09789664298295975,"y":-0.15781843662261964,"z":0.015661541372537614,"w":-0.9824559092521668},"size":1.299038052558899,"orthographic":false}