{"cameraMode":{"drawMode":0,"name":"Shaded","section":"Shading Mode"},"sceneLighting":false,"audioPlay":false,"sceneViewState":{"m_AlwaysRefresh":false,"showFog":true,"showSkybox":false,"showFlares":true,"showImageEffects":true,"showParticleSystems":true,"showVisualEffectGraphs":true,"m_FxEnabled":true},"in2DMode":false,"pivot":{"x":11.725176811218262,"y":0.07800006866455078,"z":-2.1008124351501467},"rotation":{"x":0.0020918005611747505,"y":-0.9939950704574585,"z":0.019693922251462938,"w":0.10742852836847305},"size":7.857944965362549,"orthographic":false}