{"cameraMode":{"drawMode":0,"name":"Shaded","section":"Shading Mode"},"sceneLighting":false,"audioPlay":false,"sceneViewState":{"m_AlwaysRefresh":false,"showFog":true,"showSkybox":false,"showFlares":true,"showImageEffects":true,"showParticleSystems":true,"showVisualEffectGraphs":true,"m_FxEnabled":true},"in2DMode":false,"pivot":{"x":0.06375905871391297,"y":-0.0327228307723999,"z":0.000007234513759613037},"rotation":{"x":0.47939005494117739,"y":0.10945656895637512,"z":-0.06043141707777977,"w":0.8686108589172363},"size":0.2804388999938965,"orthographic":false}