{"cameraMode":{"drawMode":0,"name":"Shaded","section":"Shading Mode"},"sceneLighting":false,"audioPlay":false,"sceneViewState":{"m_AlwaysRefresh":false,"showFog":true,"showSkybox":false,"showFlares":true,"showImageEffects":true,"showParticleSystems":true,"showVisualEffectGraphs":true,"m_FxEnabled":true},"in2DMode":false,"pivot":{"x":12.357999801635743,"y":1.286926507949829,"z":2.3540000915527345},"rotation":{"x":0.06356765329837799,"y":-0.6009690761566162,"z":0.04810833930969238,"w":0.7952578067779541},"size":1.4683936834335328,"orthographic":false}